{
  "id": "OMORI ITA",
  "name": "OMORI Italian Fan Translation",
  "description": "Traduzione italiana non ufficiale di OMORI",
  "version": "0.0.3",
  "files": {
    "plugins": [ "plugins/" ],
    "text": [ "en/" ],
    "data": [ "data/" ],
    "maps": [],
    "assets": [ 
	   "fonts/",
	   "img/pictures/before_white_space_1.png",
	   "img/pictures/before_white_space_2.png",
	   "img/pictures/before_white_space_3.png",
	   "img/pictures/00_Intro.png", 
     "img/pictures/looking_at_photos_1.png",
     "img/pictures/looking_at_photos_2.png",
     "img/pictures/looking_at_photos_3.png",
     "img/pictures/emotions_guide.png",
     "img/pictures/pictures_fa_extra.png",
	   "img/pictures/DW_butt_certificate.png",
	   "img/pictures/ws_laptop_journal.png",
     "img/pictures/DW_tvgirl_list.png",
	   "img/system/splashGalv2.png",
	   "img/system/tag_cursor.png",
	   "img/system/GO_Continue.png",
	   "img/system/GO_Retry.png",
     "img/system/ACS_Bubble.png",
     "img/system/statelist.png",
     "img/atlases/TAGATLAS.png",
     "img/atlases/battleATLAS.png",
     "img/atlases/ATLAS/battleATLAS.png",
     "img/atlases/backup/battleATLAS.png",
     "img/pictures/11_download_window.png",
     "img/enemies/!battle_download_window.png",
     "img/animations/e_download.png",
     "img/sv_actors/!battle_download_window.png"

	  ],
    "exec": []
  }
}
